station name,station latitude,station longitude,use_count
1 Ave & E 110 St,40.7923271999811,-73.93830000002244,21153
1 Ave & E 16 St,40.73221853002763,-73.9816555698984,131411
1 Ave & E 18 St,40.7338121919874,-73.9805442094803,93940
1 Ave & E 30 St,40.74144387001536,-73.97536082005475,83247
1 Ave & E 44 St,40.75001985998901,-73.96905300999889,57684
1 Ave & E 62 St,40.761227400034336,-73.96094022007146,78140
1 Ave & E 68 St,40.76500525003562,-73.95818491000676,112506
1 Ave & E 78 St,40.771404259967376,-73.95351659999166,74948
1 Ave & E 94 St,40.78172119999682,-73.94594000000487,28796
1 Pl & Clinton St,40.680959100011506,-73.99905708999776,17621
10 Hudson Yards,40.752956999994,-74.00263999999981,8797
10 St & 5 Ave,40.66862730000584,-73.98700053000344,12671
10 St & 7 Ave,40.66620780000626,-73.9819988599858,19316
11 Ave & W 27 St,40.751395999974505,-74.00522600015333,110779
11 Ave & W 41 St,40.760300959952396,-73.99884221989026,90787
11 Ave & W 59 St,40.771521124487336,-73.99053820748114,88941
11 St & 35 Ave,40.7627441999984,-73.93911410000075,2471
11 St & 43 Ave,40.751907099999066,-73.94791190000191,2169
12 Ave & W 40 St,40.76087502010705,-74.00277668002455,162500
12 St & 4 Ave,40.668602999998335,-73.99043939999609,9268
14 St & 5 Ave,40.666286999978674,-73.98895053000533,20353
14 St & 7 Ave,40.66377900001636,-73.98396846000102,20126
19 St & 24 Ave,40.777455199992936,-73.92254029998396,10209
2 Ave & 36 St - Citi Bike HQ at Industry City,40.65708866668807,-74.00870203971863,15278
2 Ave & 9 St,40.672481099999516,-73.99331394000662,8299
2 Ave & E 104 St,40.789210499992244,-73.94370784003144,20248
2 Ave & E 122 St,40.80067210000293,-73.9348999999938,7365
2 Ave & E 31 St,40.742909019935155,-73.97706057992303,92297
2 Ave & E 55 St,40.75792020876706,-73.96638214588165,26218
2 Ave & E 96 St,40.78396359998899,-73.94716730004009,46564
2 Ave & E 99 St,40.78625860000734,-73.94552578998865,13127
21 St & 31 Dr,40.765899999998574,-73.93081900000104,11039
21 St & 36 Ave,40.760185299998184,-73.93627259999806,2757
21 St & 38 Ave,40.75763140000235,-73.9391224000041,2668
21 St & 43 Ave,40.750525340001225,-73.94594845000708,5871
21 St & Hoyt Ave S,40.774644999998095,-73.92370599999025,5731
21 St & Queens Plaza North,40.75325964000583,-73.94335787999488,13638
23 Ave & 27 St,40.77616499999793,-73.91531750000561,4617
24 Ave & 26 St,40.7745909999953,-73.91854400000534,8308
24 Ave & 29 St,40.772900000001876,-73.91614200000168,7408
24 St & 41 Ave,40.75270850000404,-73.93974049998629,10429
27 Ave & 4 St,40.774717499998175,-73.93378940000254,2053
27 Ave & 9 St,40.77398249999764,-73.93091340000329,4631
27 St & Hunter St,40.74849999999165,-73.94127499999223,9837
28 Ave & 35 St,40.767099999997534,-73.91698580001452,10207
28 Ave & 44 St,40.76408932350315,-73.9106512069702,4576
28 St & 36 Ave,40.75718600000226,-73.93271899999439,8122
28 St & 38 Ave,40.75487599999581,-73.93432600000216,8858
28 St & 40 Ave,40.752575799998034,-73.93642809999355,3936
28 St & 41 Ave,40.75104700001422,-73.93797000001106,17813
3 Ave & 14 St,40.668545500010936,-73.99333264000921,12197
3 Ave & E 100 St,40.78772139999914,-73.94728331000077,7248
3 Ave & E 112 St,40.79550800000505,-73.94160600000251,7405
3 Ave & E 62 St,40.7631258400294,-73.96526894998065,37254
3 Ave & E 71 St,40.76873687001843,-73.96119945000575,19342
3 Ave & E 72 St,40.76994260001332,-73.96060712000819,20791
3 Ave & E 95 St,40.78459679883911,-73.94968539476396,12656
3 Ave & Schermerhorn St,40.686832080010696,-73.97967720001428,19057
3 St & 3 Ave,40.67507050000128,-73.9877522599889,26258
3 St & 7 Ave,40.670383700019165,-73.97839676002116,27443
3 St & Hoyt St,40.67772869998969,-73.99364123001352,12337
3 St & Prospect Park West,40.66813199998482,-73.97363831005285,35384
30 Ave & 21 St,40.77037429999656,-73.92860779999117,4890
31 Ave & 14 St,40.768199999996746,-73.93226620000705,6621
31 Ave & 30 St,40.76469999999973,-73.92403120000337,10982
31 Ave & 34 St,40.763153999997016,-73.92082700001934,14980
31 Ave & Crescent St,40.76583460000861,-73.92654739998925,11270
31 Ave & Steinway St,40.76129389728886,-73.916916847229,10857
31 St & 23 Ave,40.77478780001384,-73.91255509998025,25442
31 St & 35 Ave,40.758204646973766,-73.92832159996033,10438
31 St & Astoria Blvd,40.769917599982946,-73.91840570000824,19096
31 St & Broadway,40.761583999989874,-73.92592100001632,22601
31 St & Hoyt Ave N,40.77115280000625,-73.91700739998906,11626
31 St & Newtown Ave,40.76754877999703,-73.92093345522879,238
31 St & Northern Blvd,40.751869514213894,-73.93349289894103,6664
31 St & Thomson Ave,40.74469737999715,-73.93540374999797,8196
32 St & 30 Ave,40.76642552704077,-73.92062902450563,16174
34 Ave & 13 St,40.76387530000291,-73.93648480000388,3230
34 Ave & 21 St,40.76281379999542,-73.93428619998973,7020
34 Ave & 38 St,40.756913000011636,-73.92163100000444,19624
34 St & 35 Ave,40.75693319999852,-73.92622310001124,10981
35 Ave & 10 St,40.763154819105544,-73.93985509872438,5027
35 Ave & 37 St,40.75573269999661,-73.92366109998657,12070
35 St & 34 Ave,40.758058300004,-73.92427509999841,7178
35 St & Broadway,40.76033899998924,-73.92224270000528,10422
36 Ave & 10 St,40.76143760000698,-73.94112650001111,7826
37 Ave & 35 St,40.75311059999642,-73.9279917000066,7239
37 St & 24 Ave,40.77014770000069,-73.91209380001241,7029
39 St & 2 Ave - Citi Bike HQ at Industry City,40.65539977448282,-74.0106278657913,4952
4 Ave & 2 St,40.674613422480405,-73.98501142859459,11771
4 Ave & 9 St,40.67051349999445,-73.98876584998213,18089
40 Ave & 9 St,40.757419999998135,-73.94513300000096,2982
40 Ave & Crescent St,40.753599202005695,-73.9379560947418,151
43 St & Broadway,40.75772839999991,-73.91663680000931,11092
44 Dr & 21 St,40.748000000013214,-73.94609269997616,18543
44 Dr & Jackson Ave,40.747182340003036,-73.94326349999761,27449
45 Rd & 11 St,40.74708585999909,-73.94977234001155,21063
46 Ave & 5 St,40.747310000005754,-73.95451000002828,31152
47 Ave & 31 St,40.742999999998375,-73.93560999999423,7757
47 Ave & Skillman Ave,40.74375240997858,-73.94176483154297,408
48 Ave & 30 Pl,40.741283093558884,-73.93725872039794,4223
48 Ave & 5 St,40.74436328706044,-73.95587325096129,9255
49 Ave & 21 St,40.742520000004,-73.94885199999796,7523
5 Ave & 3 St,40.67281549998559,-73.98352354998089,30241
5 Ave & E 103 St,40.792255300026824,-73.95249933003421,40412
5 Ave & E 126 St,40.8069799999954,-73.94174699998831,7549
5 Ave & E 29 St,40.74516770006956,-73.98683077003378,76718
5 Ave & E 63 St,40.7663680000148,-73.97151800000347,41761
5 Ave & E 73 St,40.772828170066,-73.9668527599471,88073
5 Ave & E 78 St,40.77632142184081,-73.96427392959596,68558
5 Ave & E 88 St,40.783069999921324,-73.95939000015115,91014
5 Ave & E 93 St,40.7857850999766,-73.95748100005461,31242
5 St & 51 Ave,40.74237369999987,-73.95659999999056,7228
5 St & 6 Ave,40.67048359999903,-73.98208968001221,13029
5 St & Market St,40.699997484390295,-73.97440128028394,3370
6 Ave & 12 St,40.66631810000098,-73.98546170000765,13435
6 Ave & 9 St,40.66812699998897,-73.98377641003769,22639
6 Ave & Canal St,40.72243796998684,-74.00566442993617,80434
6 Ave & Spring St,40.725255695203444,-74.00412082672119,76331
6 Ave & W 33 St,40.749012709906175,-73.98848394995461,146927
6 St & 7 Ave,40.66866269999026,-73.97988066999638,15029
7 St & 3 Ave,40.67260298150339,-73.98983001708984,12010
7 St & 5 Ave,40.670492199993355,-73.98541674997847,16320
8 Ave & W 31 St,40.75058534712066,-73.9946848154068,155246
8 Ave & W 33 St,40.75155100012765,-73.99393399992023,166839
8 Ave & W 52 St,40.76370739004656,-73.98516150004698,87771
8D Mobile 01,45.50626419100106,-73.56890559196472,156
8D OPS 01,40.66290776831685,-73.99972200393677,6
8D QC Station 01,45.506364054011385,-73.5694634914398,6
9 Ave & W 22 St,40.745497299977565,-74.00197139008498,117624
9 Ave & W 28 St,40.74937024195796,-73.99923384189607,50480
9 Ave & W 45 St,40.760192519986376,-73.99125509990131,113570
9 St & 44 Rd,40.749659999998265,-73.9520999999957,7163
Adam Clayton Powell Blvd & W 115 St,40.80253500000731,-73.95324229999346,10416
Adam Clayton Powell Blvd & W 118 St,40.80437199999723,-73.95147500000711,10761
Adam Clayton Powell Blvd & W 123 St,40.80783160000152,-73.94937299998045,14284
Adam Clayton Powell Blvd & W 126 St,40.809495347783994,-73.94776493310928,11343
Adelphi St & Myrtle Ave,40.693082570019534,-73.97178913000913,36244
Albany Ave & Fulton St,40.68001049999601,-73.93847499999603,4530
Allen St & Hester St,40.716058659945325,-73.99190759005431,86373
Allen St & Rivington St,40.72019576001753,-73.9899782500986,94225
Allen St & Stanton St,40.722054999903456,-73.9891109999358,101978
Amsterdam Ave & W 119 St,40.80862489998482,-73.9596214000214,19107
Amsterdam Ave & W 125 St,40.81335800001009,-73.95646100001531,11992
Amsterdam Ave & W 66 St,40.77466710002764,-73.98470566999818,32524
Amsterdam Ave & W 73 St,40.77966809002227,-73.98093044757842,103380
Amsterdam Ave & W 79 St,40.782939100003254,-73.97865170004626,57508
Amsterdam Ave & W 82 St,40.78524672003119,-73.97667321003387,56313
Apache,40.66976709185003,-73.99474382400513,6
Astoria Park S & Shore Blvd,40.776699999991834,-73.9276310000178,10559
Atlantic Ave & Fort Greene Pl,40.68382604000944,-73.97632328001482,26268
Atlantic Ave & Furman St,40.691651829987244,-73.9999786000413,44151
Avenue D & E 12 St,40.72580614000559,-73.97422493995663,28908
Avenue D & E 3 St,40.72082833997704,-73.97793172005869,44513
Avenue D & E 8 St,40.72368361001346,-73.97574812998089,35537
Baltic St & 5 Ave,40.67957659999002,-73.97854971000852,28767
Bank St & Hudson St,40.73652889004309,-74.00618026003318,71859
Bank St & Washington St,40.736196700015114,-74.00859207005445,51507
Banker St & Meserole Ave,40.72606000001077,-73.95620999997807,30275
Barclay St & Church St,40.712912240040296,-74.01020233990874,90150
Barrow St & Hudson St,40.73172427995192,-74.00674435987331,118763
Bayard St & Baxter St,40.716021180009896,-73.99974371997287,67075
Bayard St & Leonard St,40.719155716950816,-73.94885390996933,17502
Bedford Ave & Bergen St,40.676367999988564,-73.95291800002975,17075
Bedford Ave & Nassau Ave,40.72311651003565,-73.95212324007102,52303
Bedford Ave & S 9 St,40.70853073999773,-73.96408963001839,11156
Bergen St & Flatbush Ave,40.68094472346245,-73.97567331790923,28161
Bergen St & Smith St,40.68674430001943,-73.99063168000421,69041
Bergen St & Vanderbilt Ave,40.67943879999137,-73.96804379998149,25922
Berkeley Pl & 6 Ave,40.676530399983335,-73.97846878997355,18077
Berkeley Pl & 7 Ave,40.67514683871384,-73.9752320945263,35326
Berry St & N 8 St,40.71900949999696,-73.95852515005657,50559
Bialystoker Pl & Delancey St,40.71622643998416,-73.98261205995134,39240
Boerum St & Broadway,40.705380770013186,-73.94976519001003,12176
Bond St & Bergen St,40.68496680001353,-73.9862077199558,25656
Bond St & Fulton St,40.689621887881906,-73.98304268717766,42064
Bressler,40.64653836709657,-74.0165877342224,336
Broad St & Bridge St,40.70365181998414,-74.01167796996182,25096
Broadway & 12 St,40.76680000000276,-73.93477739999355,7241
Broadway & Battery Pl,40.704633339910956,-74.01361706008709,87419
Broadway & Berry St,40.71044554002152,-73.96525062996108,42820
Broadway & E 14 St,40.7345456701872,-73.99074142009542,182094
Broadway & E 22 St,40.740343200039895,-73.98955108980583,206701
Broadway & Moylan Pl,40.814325600019394,-73.95902550004409,25168
Broadway & Roebling St,40.70924826275966,-73.96063148975372,33126
Broadway & W 122 St,40.81205619999699,-73.96125469999754,11486
Broadway & W 25 St,40.74286877303224,-73.98918628692627,145515
Broadway & W 29 St,40.74620089998695,-73.98855722994307,116126
Broadway & W 32 St,40.74854861997117,-73.98808415984995,111167
Broadway & W 36 St,40.75097711000152,-73.98765427993474,77373
Broadway & W 37 St,40.7517263200124,-73.98753522991973,46288
Broadway & W 38 St,40.75299640993924,-73.98721619008181,73867
Broadway & W 41 St,40.75513557000069,-73.98658031986295,131242
Broadway & W 49 St,40.760683271027396,-73.98452728986742,121474
Broadway & W 51 St,40.76228825997021,-73.98336183000353,70102
Broadway & W 53 St,40.763440580068874,-73.98268128998915,77023
Broadway & W 56 St,40.765265400048314,-73.9819233799478,99765
Broadway & W 58 St,40.766953169992725,-73.98169333008461,124552
Broadway & W 60 St,40.76915504992704,-73.98191840995193,165832
Broadway & Whipple St,40.70166569999901,-73.9437302999734,14376
Brooklyn Bridge Park - Pier 2,40.698779999985234,-73.99711999997443,21370
Bus Slip & State St,40.70190700002651,-74.01394199999092,48924
Bushwick Ave & Powers St,40.71247660998134,-73.94100004998883,22850
Butler St & Court St,40.684989399985206,-73.99440329000858,17789
Cadman Plaza E & Red Cross Pl,40.69991754997807,-73.98971772996279,47016
Cadman Plaza E & Tillary St,40.695976829985206,-73.99014892004294,27464
Cadman Plaza West & Montague St,40.69383000000358,-73.99053899994276,40361
Cambridge Pl & Gates Ave,40.68487999999748,-73.96303999997836,15072
Canal St & Rutgers St,40.714274870111815,-73.9899002499881,99993
Carlton Ave & Dean St,40.68097410001011,-73.97100970000889,18376
Carlton Ave & Flushing Ave,40.69778699998916,-73.97373600001332,22413
Carlton Ave & Park Ave,40.695807049991444,-73.97355569000959,15614
Carmine St & 6 Ave,40.73038598993906,-74.00214987994039,157729
Carroll St & 5 Ave,40.67516220000105,-73.98148320003509,24462
Carroll St & 6 Ave,40.674088599982596,-73.97872820002178,24213
Carroll St & Bond St,40.67861149998953,-73.9903729199629,20905
Carroll St & Columbia St,40.6830455999897,-74.00348558998797,19689
Carroll St & Franklin Ave,40.66794109999642,-73.9587999999952,3586
Carroll St & Smith St,40.68061099999163,-73.99475825002531,37628
Carroll St & Washington Ave,40.66867439999669,-73.96181479999083,5691
Cathedral Pkwy & Broadway,40.80421299999605,-73.96699103996056,36342
Catherine St & Monroe St,40.71117444003866,-73.99682619002876,44857
Center Blvd & 48 Ave,40.74503800000648,-73.95753900000058,16259
Center Blvd & Borden Ave,40.74161000000984,-73.96044000001699,11159
Central Park North & Adam Clayton Powell Blvd,40.79948400003779,-73.95561299998339,63123
Central Park S & 6 Ave,40.76590935986651,-73.97634151015113,155032
Central Park W & W 96 St,40.79126999996087,-73.96483899997601,71367
Central Park West & W 100 St,40.794066608184956,-73.96286845207214,40698
Central Park West & W 102 St,40.79534599999899,-73.96185999997635,24760
Central Park West & W 68 St,40.77340660008286,-73.97782541997832,96183
Central Park West & W 72 St,40.77579376694256,-73.97620573639871,105757
Central Park West & W 76 St,40.778967839992134,-73.97374736991488,65505
Central Park West & W 85 St,40.78472675006892,-73.96961714987337,80519
Centre St & Chambers St,40.71273265993304,-74.004607299957,139096
Centre St & Worth St,40.71494807000267,-74.00234482005561,48795
Cherry St,40.7121990600122,-73.9794814800463,35190
Christopher St & Greenwich St,40.732915529982236,-74.00711384026012,152618
Clark St & Henry St,40.697601269970704,-73.99344559005023,57203
Classon Ave & St Marks Ave,40.67651979998614,-73.95960820000587,20465
Clermont Ave & Lafayette Ave,40.68764483999209,-73.96968901997438,20708
Clermont Ave & Park Ave,40.695733980001414,-73.97129668001651,14697
Cleveland Pl & Spring St,40.72210378665875,-73.99724900722505,141926
Cliff St & Fulton St,40.70831794364757,-74.0050408244133,22430
Cliff St & Fulton St_1,40.70823502002689,-74.00530062993914,29914
Clinton Ave & Flushing Ave,40.6979399999919,-73.96986847999537,17117
Clinton Ave & Myrtle Ave,40.69326100002966,-73.96889600003838,43620
Clinton St & 4 Place,40.67835629999348,-74.00014501997958,20288
Clinton St & Centre St,40.6743399999982,-74.00194698000149,4995
Clinton St & Grand St,40.715595089981825,-73.98702949997735,64311
Clinton St & Joralemon St,40.69239502002998,-73.99337908998315,45129
Clinton St & Tillary St,40.69619199997881,-73.99121799996625,27314
Clinton St & Union St,40.68311640000552,-73.99785267002392,21110
Coffey St & Conover St,40.6772360000035,-74.0156649999937,10083
Columbia Heights & Cranberry St,40.70037867000565,-73.99548059001405,15557
Columbia St & Degraw St,40.6859296000069,-74.00242364003334,21908
Columbia St & Kane St,40.687631550009854,-74.00162560002111,19369
Columbia St & Lorraine St,40.67470550000102,-74.00755720000228,1656
Columbia St & Rivington St,40.717399730037066,-73.98016555001746,38804
Columbia St & W 9 St,40.6769993000016,-74.00647133999728,3433
Columbus Ave & W 103 St,40.79693469999284,-73.96434122909017,11196
Columbus Ave & W 72 St,40.77705749996206,-73.97898475005451,133685
Columbus Ave & W 95 St,40.791955699971005,-73.96808699995341,47032
Commerce St & Van Brunt St,40.681211699998606,-74.00860911999236,7307
Concord St & Bridge St,40.697665639996785,-73.98476437000751,15017
Congress St & Clinton St,40.68815289998507,-73.99520919002099,29443
Cooper Square & Astor Pl,40.72951496214144,-73.99075269699097,142478
Court St & Nelson St,40.67639470000332,-73.99869893001674,14955
Court St & State St,40.69023750000611,-73.99203073991234,50903
Crescent St & 30 Ave,40.76869200000812,-73.924957399992,10474
Crescent St & 34 Ave,40.76108000000371,-73.93056200001162,8385
Crescent St & 35 Ave,40.75962759999739,-73.93214549998929,6475
Crescent St & Broadway,40.7633588999863,-73.92864709999454,15310
Crescent St & Ditmars Blvd,40.77871849999509,-73.9145644999906,8397
Crown St & Bedford Ave,40.66656300000329,-73.95674100000168,3928
Cumberland St & Lafayette Ave,40.68753405999874,-73.9726518299572,29176
DeKalb Ave & Hudson Ave,40.689888000018534,-73.98101300001088,43108
DeKalb Ave & S Portland Ave,40.68981034999097,-73.97493121003204,28467
DeKalb Ave & Skillman St,40.69064950000028,-73.95643107001835,17974
DeKalb Ave & Vanderbilt Ave,40.68940746999976,-73.96885458003834,36331
Dean St & 4 Ave,40.683124890035394,-73.97895136997947,48794
Dean St & Franklin Ave,40.67759206937608,-73.95563721656801,13670
Dean St & Hoyt St,40.68644419999388,-73.98759104000756,19263
Degraw St & Hoyt St,40.68199044269332,-73.99079024791719,15142
Degraw St & Smith St,40.682915100010845,-73.99318208002941,22460
Devoe St & Lorimer St,40.713352262241926,-73.9491033554077,21141
Ditmars Blvd & 19 St,40.781450000006465,-73.91833020001009,12287
Division Av & Hooper St,40.70684203101254,-73.95443539653361,1039
Division Ave & Hooper St,40.706912539993844,-73.95441667000858,6438
Division Ave & Marcy Ave,40.70708701000199,-73.95796783000604,6997
Division St & Bowery,40.714130890046924,-73.99704680000305,65285
Douglass St & 3 Ave,40.680213300019524,-73.98432695002924,27077
Douglass St & 4 Ave,40.67927880000522,-73.9815400400373,21767
Driggs Ave & Lorimer St,40.721791340009176,-73.95041540001455,20612
Driggs Ave & N 9 St,40.71816969454234,-73.95520135760306,4077
Driggs Ave & N Henry St,40.72325000001728,-73.94308000005368,27482
Duane St & Greenwich St,40.71748752001762,-74.01045540006113,41742
Duffield St & Willoughby St,40.69221588999664,-73.98428440000802,33466
Dwight St & Van Dyke St,40.67363551341274,-74.01195555925368,5053
E 10 St & 5 Ave,40.73331966997354,-73.9951013200615,51489
E 10 St & Avenue A,40.72740794002002,-73.98142005995399,126899
E 102 St & 1 Ave,40.78699459998686,-73.94164801995574,33400
E 102 St & Park Ave,40.790482799991544,-73.95033068000326,13306
E 103 St & Lexington Ave,40.790305100000964,-73.9475575699696,18096
E 106 St & 1 Ave,40.78925289999565,-73.93956236999561,9097
E 106 St & Lexington Ave,40.79197600000457,-73.9459929999798,11198
E 106 St & Madison Ave,40.793433699993095,-73.94945002999333,11133
E 109 St & 3 Ave,40.79329668001299,-73.94320830001418,11673
E 11 St & 1 Ave,40.729538369950056,-73.98426725995242,91181
E 11 St & 2 Ave,40.73047308996884,-73.98672377989945,105934
E 11 St & Avenue B,40.727464206924175,-73.97950418293476,2049
E 11 St & Broadway,40.73261786997706,-73.9915804299608,47681
E 110 St & Madison Ave,40.79615349998489,-73.94782144997005,24280
E 114 St & 1 Ave,40.79456629999916,-73.93625409999422,8014
E 115 St & Lexington Ave,40.79791099999023,-73.94229999999565,10433
E 115 St & Madison Ave,40.79894450000144,-73.94484600000547,8046
E 116 St & 2 Ave,40.796878999995364,-73.9372610000012,8064
E 118 St & 1 Ave,40.797469999993986,-73.93504000000891,10524
E 118 St & 3 Ave,40.799139000005894,-73.9389151999899,9713
E 118 St & Madison Ave,40.80148659999957,-73.9442506999944,8686
E 118 St & Park Ave,40.8005385000024,-73.94199490000027,3950
E 12 St & 3 Ave,40.73223272000938,-73.98889956996145,111347
E 12 St & Avenue B,40.728048571382935,-73.97881150245668,70394
E 123 St & Lexington Ave,40.802926299994844,-73.9379000000107,9918
E 128 St & Madison Ave,40.80755999999177,-73.93918200000175,8853
E 13 St & Avenue A,40.729577716688915,-73.98059521562146,102806
E 15 St & 3 Ave,40.73423200005238,-73.98692299989453,104382
E 16 St & 5 Ave,40.73726186004317,-73.99238966986404,111461
E 16 St & Irving Pl,40.73536705555503,-73.98797392845155,73297
E 17 St & Broadway,40.73704984017622,-73.99009295972283,212416
E 19 St & 3 Ave,40.73624526992931,-73.98473764993034,71006
E 2 St & 2 Ave,40.725028759917286,-73.9906965598803,97322
E 2 St & Avenue A,40.72307749061797,-73.98583620786667,75893
E 2 St & Avenue B,40.722174440035985,-73.98368779008983,78790
E 2 St & Avenue C,40.72087360003782,-73.98085795007128,54498
E 20 St & 2 Ave,40.735876780003274,-73.98205026989667,96918
E 20 St & FDR Drive,40.733142590058584,-73.9757388101371,104325
E 20 St & Park Ave,40.73827427998356,-73.98751967989976,84177
E 23 St & 1 Ave,40.73650200004476,-73.9780947200896,105135
E 24 St & Park Ave S,40.74096373998938,-73.986022129822,128320
E 25 St & 1 Ave,40.73817649996743,-73.9773866199181,72612
E 25 St & 2 Ave,40.739126009954745,-73.97973775981959,103602
E 27 St & 1 Ave,40.73944499996574,-73.97680599994686,69233
E 3 St & 1 Ave,40.72467721,-73.98783413,2
E 30 St & Park Ave S,40.74444920992536,-73.98303528995008,78986
E 31 St & 3 Ave,40.743943139943475,-73.97966068989325,85771
E 32 St & Park Ave,40.745712099988076,-73.9819482900195,116761
E 33 St & 1 Ave,40.74322681434379,-73.97449783980845,58237
E 33 St & 2 Ave,40.744022999958275,-73.9760560000689,43806
E 33 St & 5 Ave,40.74765946996335,-73.98490707009839,80962
E 35 St & 3 Ave,40.74652400003413,-73.97788499996634,58882
E 39 St & 2 Ave,40.74780372996463,-73.97344189994374,104559
E 39 St & 3 Ave,40.74890059991918,-73.97604881995989,84426
E 4 St & 2 Ave,40.72628069996085,-73.98978041009511,64102
E 41 St & 5 Ave,40.75272201380377,-73.98123621940613,11614
E 41 St & Madison Ave,40.752165280636895,-73.97992193698882,81103
E 43 St & 5 Ave,40.75412081083212,-73.98025184869765,52726
E 44 St & 2 Ave,40.75118387465801,-73.97138714790343,42015
E 45 St & 3 Ave,40.752554340006554,-73.97282624992413,61005
E 47 St & 1 Ave,40.75206861996386,-73.96784383994401,34721
E 47 St & 2 Ave,40.75323097997545,-73.97032517006188,58382
E 47 St & Park Ave,40.7551026698976,-73.97498695993335,145222
E 48 St & 3 Ave,40.75460110256892,-73.97187885502163,51100
E 48 St & 5 Ave,40.75724567904055,-73.97805914282799,105714
E 5 St & 2 Ave,40.726869515269115,-73.9891903102398,18770
E 5 St & Avenue C,40.72299208001744,-73.9799546599685,41740
E 51 St & 1 Ave,40.75455730997302,-73.96592976001179,41839
E 51 St & Lexington Ave,40.75714757997229,-73.9720783600368,45917
E 52 St & 2 Ave,40.75601399999867,-73.9674160000394,59925
E 53 St & 3 Ave,40.75763227742831,-73.9693057537079,58837
E 53 St & Madison Ave,40.7597107999437,-73.9740231099478,69373
E 55 St & 2 Ave,40.75797322000322,-73.96603307999908,15545
E 55 St & 3 Ave,40.758996559634646,-73.96865397691727,70451
E 55 St & Lexington Ave,40.75968084998058,-73.97031365999914,38282
E 58 St & 1 Ave,40.75892386376218,-73.96226227283478,49126
E 58 St & 3 Ave,40.76095756002909,-73.96724466987715,79150
E 58 St & Madison Ave,40.76302594278101,-73.97209525108337,42628
E 59 St & Madison Ave,40.76350532001814,-73.97109242995188,48462
E 6 St & Avenue B,40.724537339992985,-73.98185424006398,75102
E 6 St & Avenue D,40.722280869974064,-73.97668709000557,40063
E 60 St & York Ave,40.759106999990564,-73.95922300002401,20719
E 65 St & 2 Ave,40.76471851944057,-73.96222069859505,29114
E 66 St & Madison Ave,40.76800889305816,-73.96845281124116,14302
E 67 St & Park Ave,40.767800801474245,-73.96592080593109,17492
E 68 St & 3 Ave,40.767128403509965,-73.96224617958069,26758
E 68 St & Madison Ave,40.76915720000358,-73.96703464001918,22532
E 7 St & Avenue A,40.72621787993348,-73.98379855022878,123437
E 71 St & 1 Ave,40.767034323084204,-73.95622730255127,14262
E 71 St & 2 Ave,40.76817546742875,-73.95910263061523,11869
E 72 St & Park Ave,40.77118287538733,-73.96409422159195,32141
E 72 St & York Ave,40.766638140006094,-73.95348295994167,60517
E 74 St & 1 Ave,40.768973799950004,-73.95482272993746,48178
E 75 St & 3 Ave,40.77112926999943,-73.95772297003505,28661
E 76 St & 3 Ave,40.77224853773622,-73.95842134952545,19338
E 76 St & Park Ave,40.77376300001298,-73.96222087998142,27413
E 77 St & 3 Ave,40.773142360003774,-73.95856157999181,6227
E 78 St & 2 Ave,40.77279660000661,-73.95577800996959,26001
E 80 St & 2 Ave,40.77391390238179,-73.9543953537941,1432
E 81 St & 2 Ave,40.77477944897569,-73.95427465438844,21749
E 81 St & 3 Ave,40.775730340024374,-73.95675259998637,32498
E 81 St & Park Ave,40.776777020003784,-73.95900969999109,12215
E 81 St & York Ave,40.77283839998367,-73.94989232998617,28613
E 82 St & East End Ave,40.77246070001078,-73.94682079997405,23477
E 84 St & 1 Ave,40.775655410016014,-73.95068615006896,40872
E 84 St & Park Ave,40.77862688000615,-73.9577207299889,29212
E 85 St & 3 Ave,40.77801202995912,-73.95407149007289,73430
E 85 St & York Ave,40.77536904998643,-73.94803392002021,28745
E 87 St & 3 Ave,40.77940608530096,-73.95333588123322,3040
E 88 St & 1 Ave,40.778301000011176,-73.94881339999849,25048
E 88 St & Park Ave,40.78141070017807,-73.95595908164978,21651
E 89 St & 3 Ave,40.78062840000811,-73.95216670001976,18873
E 89 St & York Ave,40.777945299991195,-73.94604099999192,15733
E 9 St & Avenue C,40.72521310998325,-73.97768751997631,75374
E 91 St & 2 Ave,40.78112229936457,-73.94965589046478,46513
E 91 St & Park Ave,40.7835016000075,-73.95532700000324,23246
E 93 St & 2 Ave,40.78245417529041,-73.94891962409021,21195
E 95 St & 3 Ave,40.784903199998766,-73.95050300000001,2334
E 97 St & 3 Ave,40.78592009999653,-73.94860293999751,9293
E 97 St & Madison Ave,40.787801000034065,-73.95355900003328,32898
E 98 St & Lexington Ave,40.78728519860999,-73.95012259483337,536
E 98 St & Park Ave,40.788130000000784,-73.95205999999335,6897
East End Ave & E 86 St,40.77518614998837,-73.94446053999832,16466
Eastern Pkwy & Franklin Ave,40.67077670001296,-73.95768010004409,25163
Eastern Pkwy & Washington Ave,40.67164930001655,-73.96311450002275,16860
Eckford St & Engert Ave,40.72146256228814,-73.94800901412964,11638
Emerson Pl & Myrtle Ave,40.693631370000666,-73.96223557997773,28482
FDR Drive & E 35 St,40.74421899998616,-73.97121214004606,84761
Flushing Ave & Vanderbilt Ave,40.69795031568432,-73.97077560424805,25310
Forsyth St & Broome St,40.71893903995119,-73.99266287989468,96647
Forsyth St & Canal St,40.71581549992676,-73.99422365991927,82573
Franklin Ave & Empire Blvd,40.66313999998859,-73.96056949999274,21428
Franklin Ave & Myrtle Ave,40.69454608724038,-73.95801365375519,12573
Franklin Ave & St Marks Ave,40.675832399990846,-73.95616770000188,16286
Franklin St & Dupont St,40.735639999993616,-73.95866000000366,23680
Franklin St & W Broadway,40.71911551995158,-74.00666661001593,53276
Frederick Douglass Blvd & W 112 St,40.80169399999113,-73.95714500002477,33470
Frederick Douglass Blvd & W 115 St,40.80386539999785,-73.9559308000023,6018
Frederick Douglass Blvd & W 117 St,40.80515899998524,-73.95469200004682,38463
Frederick Douglass Blvd & W 129 St,40.812551099995986,-73.94922860000923,10393
Front St & Gold St,40.70224000001136,-73.98257800003702,24348
Front St & Maiden Ln,40.70530954002196,-74.0061257200879,50185
Front St & Washington St,40.7025508799858,-73.98940235993224,57590
Frost St & Meeker St,40.71763999999261,-73.94882000000824,9684
Fulton St & Adams St,40.69241829261719,-73.98949474096298,55678
Fulton St & Broadway,40.71106600004736,-74.0094469999897,83491
Fulton St & Clermont Ave,40.684157480010185,-73.96922273001903,15337
Fulton St & Grand Ave,40.68223166000095,-73.96145830000664,22443
Fulton St & Rockwell Pl,40.68822600002473,-73.97938199998576,23507
Fulton St & Utica Ave,40.67942679999485,-73.92989110001074,12566
Fulton St & Waverly Ave,40.68323865462366,-73.96599590778352,28063
Fulton St & William St,40.70955958002527,-74.00653608995243,45223
GOW Tech Shop,40.66979964220025,-73.99497985839844,16
Gansevoort St & Hudson St,40.739448201346306,-74.00507032871245,77938
Garfield Pl & 8 Ave,40.67119779999469,-73.974841259969,19766
Gold St & Frankfort St,40.710699946294326,-74.00354146957396,25374
Graham Ave & Conselyea St,40.71514300000772,-73.94450700002906,44007
Graham Ave & Grand St,40.71186299998275,-73.94402400001734,20089
Graham Ave & Herbert St,40.7192930100099,-73.94500378999122,12476
Graham Ave & Withers St,40.71698110000055,-73.94485917999516,16686
Grand Army Plaza & Central Park S,40.76439709990889,-73.97371464981555,154418
Grand Army Plaza & Plaza St West,40.67296790003926,-73.97087984005526,43762
Grand Ave & Bergen St,40.678044999988096,-73.96240799998911,18587
Grand St & Elizabeth St,40.71882199996307,-73.9959600001007,131562
Grand St & Greene St,40.721654810010726,-74.00234736999707,66953
Grand St & Havemeyer St,40.712868439981094,-73.95698119001244,35515
Great Jones St,40.727434230033005,-73.99379025013583,148293
Greene Ave & Nostrand Ave,40.68833370000331,-73.95091599997849,11746
Greene Ave & Throop Ave,40.68949319999792,-73.94206100000773,10897
Greenpoint Ave & Manhattan Ave,40.7302600000212,-73.95393999995555,36916
Greenwich Ave & 8 Ave,40.73901691209174,-74.0026376103049,27470
Greenwich Ave & Charles St,40.735237999939336,-74.00027099997138,93648
Greenwich St & W Houston St,40.728846000034345,-74.00859099999091,103335
Halsey St & Tompkins Ave,40.68236869999833,-73.94411799999061,13551
Hancock St & Bedford Ave,40.68216564000379,-73.95399026001581,14070
Handlebar @ Gowanus,40.66979964220026,-73.99497985839844,4
Hanson Pl & Ashland Pl,40.68506807310461,-73.97790759801863,81545
Harrison St & Hudson St,40.71870987000766,-74.00900090001022,32869
Henry St & Atlantic Ave,40.69089271997293,-73.99612348995784,38652
Henry St & Bay St,40.67250580000097,-74.00494695000405,4739
Henry St & Degraw St,40.6847514000199,-73.99917253995694,32610
Henry St & Grand St,40.714215000007556,-73.98134599998635,62983
Henry St & Poplar St,40.70046900000599,-73.99145399996266,21587
Henry St & W 9 St,40.67630470981205,-74.00314222522805,3874
Henry St & W 9 St (OLD),40.67630357634184,-74.00314047932625,117
Henry St & W 9 St [old],40.67637439999999,-74.00324956999982,326
Hicks St & Montague St,40.69512844999045,-73.99595064996598,42520
Hope St & Union Ave,40.711673510021804,-73.95141311997422,29923
Howard St & Centre St,40.71910536998861,-73.99973336987537,80733
Hoyt St & Warren St,40.68435489999593,-73.98901629000741,8534
Hudson St & Reade St,40.71625007998067,-74.00910589993113,56615
Humboldt St & Varet St,40.70317240000871,-73.94063600000676,14873
Huron St & Franklin St,40.73265999998454,-73.9582600000075,31037
India St & Manhattan Ave,40.732321939998116,-73.95508580001871,29122
India St & West St,40.73181401721106,-73.95995020866394,14647
Jackson Ave & 46 Rd,40.74524767999623,-73.94733275999825,10918
Jackson St & Leonard St,40.71638031973313,-73.94821286201476,6605
Jay St & Tech Pl,40.69506500002987,-73.98716699996133,43711
Jay St & York St,40.701403172631224,-73.98672670125961,53856
John St & William St,40.708621439990544,-74.00722155999408,42692
Johnson St & Gold St,40.694748810019995,-73.9836246399694,27228
Kane St & Clinton St,40.68617580001619,-73.99645294999185,24408
Kent Ave & N 7 St,40.720367752954296,-73.96165072917937,80956
Kent Ave & S 11 St,40.70764494416495,-73.96841526031494,33230
Kingston Ave & Herkimer St,40.67890678999404,-73.94142771000041,11357
Kosciuszko St & Nostrand Ave,40.69072548999813,-73.95133465001052,10880
Kosciuszko St & Tompkins Ave,40.6912825800116,-73.94524160001791,13782
LaGuardia Pl & W 3 St,40.729170249952,-73.99810231008921,67553
Lafayette Ave & Classon Ave,40.6890044300019,-73.96023854003599,30410
Lafayette Ave & Fort Greene Pl,40.68691865003448,-73.97668200000247,35889
Lafayette Ave & St James Pl,40.68851533998348,-73.96476279995555,32293
Lafayette St & E 8 St,40.73020660526963,-73.99102628231049,162212
Lafayette St & Jersey St,40.72430527249353,-73.99600982666016,116828
Laight St & Hudson St,40.72185378999145,-74.00771779002541,23552
Lawrence St & Willoughby St,40.69236177998046,-73.98631745996677,46163
Lefferts Pl & Franklin Ave,40.680342422997064,-73.95576893920122,16593
Lenox Ave & W 111 St,40.798785899998634,-73.95230000000436,46908
Lenox Ave & W 115 St,40.801193900009096,-73.95007390001486,15565
Lenox Ave & W 117 St,40.80255660000065,-73.94907820000431,15705
Lenox Ave & W 126 St,40.80844199997889,-73.94520869997012,25036
Lenox Ave & W 130 St,40.8107922000088,-73.94306809997663,22206
Leonard St & Boerum St,40.70583339000474,-73.94644577999335,9822
Leonard St & Church St,40.717571000040856,-74.00554900007593,47568
Leonard St & Maujer St,40.71036854235004,-73.94705951213838,17027
Leonard St & Nassau Ave,40.723956785017975,-73.94984364509583,24350
Lewis Ave & Decatur St,40.681459799996304,-73.93490300000427,6760
Lewis Ave & Kosciuszko St,40.69237073999836,-73.93705427998745,11675
Lewis Ave & Madison St,40.68631199999347,-73.93577500001402,13985
Lexington Ave & Classon Ave,40.686767930014,-73.95928168000133,20639
Lexington Ave & E 111 St,40.79541209999244,-73.94412320001722,13492
Lexington Ave & E 120 St,40.80130660000566,-73.93981670000332,6231
Lexington Ave & E 127 St,40.80572599999789,-73.93632199999522,5501
Lexington Ave & E 24 St,40.74025877993833,-73.98409213988661,100034
Lexington Ave & E 29 St,40.74311555373133,-73.98215353488922,92259
Lexington Ave & E 63 St,40.76440023001816,-73.9664897699858,44007
Liberty St & Broadway,40.70905622994786,-74.01043382005939,77881
Lincoln Pl & Classon Ave,40.672168300001104,-73.96090000000153,7494
Lispenard St & Broadway,40.719392260035384,-74.00247213992012,64596
Little West St & 1 Pl,40.705692539947385,-74.01677685017843,97925
Lorimer St & Broadway,40.7041179100041,-73.94818595000696,9026
MacDougal St & Prince St,40.72710257994941,-74.00297087991108,119405
MacDougal St & Washington Sq,40.73226397997596,-73.9985220500388,68216
Macon St & Nostrand Ave,40.68098338539832,-73.95004797587514,30201
Madison Ave & E 120 St,40.802950000004074,-73.94295400001215,6750
Madison Ave & E 82 St,40.7781314000021,-73.96069399001627,36450
Madison Ave & E 99 St,40.78948541555098,-73.9524292945862,20230
Madison St & Clinton St,40.71269041998676,-73.98776323005566,39266
Madison St & Montgomery St,40.713126000012494,-73.98484400003775,32235
Maiden Ln & Pearl St,40.70706455997211,-74.00731853007969,43395
Marcus Garvey Blvd & Macon St,40.68260100000411,-73.9380370000118,9787
Marcy Ave & Lafayette Ave,40.69008149999937,-73.94791500001425,8560
Market St & Cherry St,40.71076228002242,-73.99400397996587,35163
McGuinness Blvd & Eagle St,40.73554999999924,-73.95283999997157,28474
McKibbin St & Manhattan Ave,40.70510918000563,-73.9440727899868,9775
Mercer St & Bleecker St,40.72706363350016,-73.99662137031554,109209
Mercer St & Spring St,40.72362738005523,-73.99949601006114,70790
Meserole Ave & Manhattan Ave,40.72708583997233,-73.95299117000222,39706
Metropolitan Ave & Bedford Ave,40.715348250089114,-73.96024116005914,83558
Metropolitan Ave & Meeker Ave,40.7141331099903,-73.95234385998057,31763
Milton St & Franklin St,40.72906000000479,-73.95778999993625,58036
Monroe St & Bedford Ave,40.68514429999218,-73.95380903997076,22242
Monroe St & Classon Ave,40.684568300017716,-73.95881080999972,17658
Monroe St & Tompkins Ave,40.68620300000897,-73.94469399997783,14520
Montgomery St & Franklin Ave,40.66643930686706,-73.96055638790129,3843
Montgomery St & Franklin Ave OLD,40.666164900000005,-73.9593484,10
Montrose Ave & Bushwick Ave,40.70767787999478,-73.94016170999892,16820
Morningside Ave & W 123 St,40.80999999999786,-73.95515079997598,12212
Morningside Dr & Amsterdam Ave,40.8102850630547,-73.95736455917357,6921
Mott St & Prince St,40.72317958006798,-73.99480011987065,102094
Mt Morris Park W & W 120 St,40.80403799999433,-73.9459250000022,14765
Murray St & Greenwich St,40.71485150525943,-74.01122331619263,67256
Murray St & West St,40.71497870002848,-74.01301199996382,62562
Myrtle Ave & Lewis Ave,40.6968196299875,-73.93756925995444,28249
Myrtle Ave & Marcy Ave,40.69539816999159,-73.94954907999107,12189
Myrtle Ave & St Edwards St,40.69327018001293,-73.97703873997537,14637
N 11 St & Kent Ave,40.72248188638732,-73.95921930670737,10887
N 11 St & Wythe Ave,40.721532669996876,-73.95782357000257,6486
N 12 St & Bedford Ave,40.720798210006976,-73.95484712001304,32404
N 15 St & Wythe Ave,40.72405499999881,-73.95573600000222,17479
N 6 St & Bedford Ave,40.717451690070554,-73.95850938997786,74949
N 8 St & Driggs Ave,40.717745919984615,-73.9560009599843,58286
NYCBS DEPOT - DELANCEY,40.71644423134479,-73.9823305606842,10
NYCBS Depot - GOW,40.66906013501236,-73.99463653564453,1527
NYCBS Depot - PIT,40.716909780459645,-73.98383796215056,2
NYCBS Depot - RIS,40.72520799999998,-73.97472400000001,64
NYCBS Depot - STY - Garage 4,40.73038010000043,-73.97475020000023,598
NYCBS Depot BAL - DYR,40.759030082196,-73.9938586950302,146
Nassau Ave & Newell St,40.72481256441705,-73.94752621650694,26066
Nassau Ave & Russell St,40.72557000000846,-73.94433999996792,32505
Nassau St & Navy St,40.69839895000266,-73.98068914001735,16980
Newton Rd & 44 St,40.75957009999669,-73.91426779999641,7358
Newtown Ave & 23 St,40.77136150000637,-73.9246145000129,9671
Norfolk St & Broome St,40.71722739999487,-73.98802084007585,62672
North Moore St & Greenwich St,40.720195214302265,-74.0103006362915,78243
Nostrand Ave & Myrtle Ave,40.69527008000261,-73.95238108000662,7956
Old Fulton St,40.70277159004545,-73.99383604994327,61534
Old Slip & Front St,40.70379920001018,-74.00838676001646,35775
Pacific St & Classon Ave,40.679194399999695,-73.95879030000548,6173
Pacific St & Nevins St,40.68537610000746,-73.98302135997194,20230
Park Ave & E 124 St,40.80455549998119,-73.93968609999867,43365
Park Ave & Marcus Garvey Blvd,40.69861699999697,-73.94134199999172,7355
Park Ave & St Edwards St,40.696089409996176,-73.97803414998813,6307
Park Pl & Church St,40.71334184275525,-74.00935515761375,17649
Park Pl & Franklin Ave,40.674180599992226,-73.95649470001422,11785
Park Pl & Vanderbilt Ave,40.67669999997804,-73.96902399999163,28096
Pearl St & Anchorage Pl,40.70281857997686,-73.98765762006184,36979
Pearl St & Hanover Square,40.704717699964604,-74.00926026994541,46978
Peck Slip & Front St,40.707872999983216,-74.0016700000649,64387
Perry St & Bleecker St,40.735353979983486,-74.00483090992456,51473
Pershing Square North,40.75187299974892,-73.97770600018674,294125
Pershing Square South,40.75158100007159,-73.97790999991457,104773
Picnic Point,40.68512559514591,-74.02535319328308,12024
Pier 40 - Hudson River Park,40.72771407768111,-74.01129573583603,105870
Pike St & E Broadway,40.714066670030995,-73.99293910993995,51645
Pike St & Monroe St,40.71173106997441,-73.99193043000182,34735
Pioneer St & Richards St,40.677774799995156,-74.00946129999515,5965
Pioneer St & Van Brunt St,40.67904299999182,-74.0111689999773,14479
Pitt St & Stanton St,40.71926080998467,-73.981780240006,18004
Plaza St West & Flatbush Ave,40.67502070001511,-73.97111472999681,38722
Pleasant Ave & E 116 St,40.794987899978295,-73.93333490001592,24991
Pleasant Ave & E 120 St,40.797477199993175,-73.93118469999433,7507
President St & Henry St,40.682800299990376,-73.99990418997473,19221
Prospect Park - 5 Year Anniversary Celebration,40.660652368729046,-73.9645904302597,144
Prospect Park West & 8 St,40.66514681535109,-73.97637605667114,22654
Prospect Pl & 6 Ave,40.67933069998953,-73.97519522998854,20834
Prospect Pl & Underhill Ave,40.676969400013824,-73.96579000002146,16031
Prototype Lab Motivate Headquarters,40.65659567482041,-74.00849282741547,24
Pulaski St & Marcus Garvey Blvd,40.69339820000075,-73.9398769999973,7051
Putnam Ave & Nostrand Ave,40.684019999991115,-73.94976999999238,9223
Putnam Ave & Throop Ave,40.685153199998304,-73.94111000001236,13287
Queens Plaza North & Crescent St,40.75110165001919,-73.94073717005925,49494
Railroad Ave & Kay Ave,40.7053119399978,-73.97100056000394,2626
Reade St & Broadway,40.71450450997754,-74.00562789001768,49593
Richards St & Delavan St,40.679432700003844,-74.00785041000601,6324
Richardson St & N Henry St,40.71907891180977,-73.94223690032959,22325
Riverside Blvd & W 67 St,40.777507027569456,-73.98888587951659,54099
Riverside Dr & W 104 St,40.80134340001093,-73.97114574392411,27608
Riverside Dr & W 72 St,40.780577990053146,-73.98562431335448,50086
Riverside Dr & W 78 St,40.78414471998955,-73.98362491999477,30846
Riverside Dr & W 82 St,40.78720869000785,-73.98128126998417,35445
Riverside Dr & W 91 St,40.79313480985049,-73.97700369358063,23787
Rivington St & Chrystie St,40.72110062999673,-73.99192540009436,53543
Rivington St & Ridge St,40.71850211002862,-73.98329858997236,39608
Roebling St & N 4 St,40.71469000001201,-73.95739000002399,18625
Rogers Ave & Sterling St,40.66306190000481,-73.95387460000327,8421
S 3 St & Bedford Ave,40.71260486002122,-73.96264402998933,43243
S 4 St & Rodney St,40.70933999997872,-73.95607999998006,20993
S 4 St & Wythe Ave,40.712858870030374,-73.96590294003532,74184
S 5 Pl & S 5 St,40.710450999942644,-73.96087600009164,74481
S Portland Ave & Atlantic Ave,40.683222541615855,-73.9738118648529,222
S Portland Ave & Hanson Pl,40.68539567000647,-73.97431457997742,23055
Sands St & Navy St,40.69977300000026,-73.97992700000353,4772
Schermerhorn St & 3 Ave,40.68680820503503,-73.98036181926726,7192
Schermerhorn St & Bond St,40.688417427528414,-73.98451656103134,42496
Schermerhorn St & Court St,40.691029256771344,-73.99183362722397,30801
Scholes St & Manhattan Ave,40.708703679989696,-73.94486250000952,22290
Sigourney St & Columbia St,40.67267243410477,-74.00879524648191,6371
Smart Cities Conference,40.71015471094894,-73.98453533649443,182
Smith St & 3 St,40.67872419999914,-73.99599098997804,21302
Smith St & 9 St,40.674695700025254,-73.99785768002133,23060
Soissons Landing,40.69231660718719,-74.01486575603484,15818
South End Ave & Liberty St,40.71151200004653,-74.01575599986873,150976
South St & Gouverneur Ln,40.70355377008089,-74.00670227009402,93522
South St & Whitehall St,40.7012212799893,-74.01234218004308,60338
St James Pl & Oliver St,40.713079160026446,-73.99851192999643,45373
St James Pl & Pearl St,40.71117416000737,-74.00016544998759,19843
St Johns Pl & Washington Ave,40.673723599992044,-73.9631611000053,17689
St Marks Pl & 1 Ave,40.72779125999663,-73.98564944995441,97614
St Marks Pl & 2 Ave,40.7284185999258,-73.98713956008248,101084
St Nicholas Ave & Manhattan Ave,40.8097250000284,-73.95314899996515,25808
St. Nicholas Ave & W 126 St,40.81143230001073,-73.95187760002582,17877
Stagg St & Union Ave,40.7087708399864,-73.95095258998131,25651
Stanton St & Chrystie St,40.722293459935955,-73.99147535015086,90592
Stanton St & Mangin St,40.717821429971075,-73.97628938996927,32732
State St & Smith St,40.68926941999338,-73.98912867000602,34135
Steinway St & 23 Ave,40.77139369999736,-73.90774360000263,8247
Steinway St & 28 Ave,40.76562510000075,-73.9136695000025,9901
Sterling Pl & 7 Ave,40.67716489467325,-73.97382795810701,26004
Sterling Pl & Bedford Ave,40.67269500000145,-73.95413099998378,13845
Sterling St & Bedford Ave,40.662705900001555,-73.9569115000015,4586
Suffolk St & Stanton St,40.720664420057254,-73.98517976987625,89974
Sullivan Pl & Bedford Ave,40.66424060000182,-73.95746860000348,2767
Sullivan St & Washington Sq,40.73047746997507,-73.9990606501155,102862
Thompson St & Bleecker St,40.72840059450828,-73.99968780577183,15144
Throop Ave & Myrtle Ave,40.6962293699969,-73.94371094000397,6083
Tompkins Ave & Hopkins St,40.699576080004945,-73.94708416999033,10035
Underhill Ave & Lincoln Pl,40.674012299984675,-73.96714570000675,21290
Underhill Ave & Pacific St,40.68048360000619,-73.9646794999967,16931
Union Ave & Jackson St,40.71607510000398,-73.9520290000121,13527
Union Ave & N 12 St,40.71924000000547,-73.95241999998767,32554
Union Ave & Wallabout St,40.70029511000029,-73.95032283000177,7950
Union St & 4 Ave,40.677274400012976,-73.98282002004044,24496
Union St & Bedford Ave,40.66917830000459,-73.95541619999867,5315
Union St & Nevins St,40.67909799723014,-73.98765474557877,22186
University Pl & E 14 St,40.73492695011028,-73.99200508996661,148027
University Pl & E 8 St,40.73143724083123,-73.99490341544151,86810
Van Brunt St & Van Dyke St,40.67583294391912,-74.01472628116608,13424
Van Brunt St & Wolcott St,40.67734290000519,-74.01275055998393,12303
Van Dyke St & Van Brunt St,40.675816225227294,-74.01488184928894,3618
Vernon Blvd & 10 St,40.767186300009655,-73.93735539998586,10401
Vernon Blvd & 30 Rd,40.770844999996584,-73.93417100000669,13346
Vernon Blvd & 31 Ave,40.7692474999947,-73.9354503999939,7196
Vernon Blvd & 41 Rd,40.75524329999613,-73.94856779999414,6293
Vernon Blvd & 47 Rd,40.744906699993614,-73.95345729999133,13979
Vernon Blvd & 50 Ave,40.742327440015785,-73.95411748998048,46450
Verona Pl & Fulton St,40.68035608403254,-73.94767910242079,13944
Vesey Pl & River Terrace,40.71533790006991,-74.01658353975226,127533
W 100 St & Broadway,40.79737209996158,-73.97041191998927,41256
W 100 St & Manhattan Ave,40.79500000000918,-73.96450000000063,28499
W 104 St & Amsterdam Ave,40.79904139287659,-73.96649479866028,11633
W 104 St & Amsterdam Ave - 1,40.79899370000531,-73.96621737780458,9330
W 106 St & Amsterdam Ave,40.80083630000981,-73.96644924720664,23057
W 106 St & Central Park West,40.7981855999853,-73.96059090058945,32294
W 107 St & Columbus Ave,40.79975680001507,-73.96211286759412,17677
W 11 St & 6 Ave,40.735324270049205,-73.99800419001261,65938
W 110 St & Amsterdam Ave,40.80269200002544,-73.96295000002038,24648
W 113 St & Broadway,40.805973000008,-73.96492800000122,24235
W 116 St & Amsterdam Ave,40.806758100014875,-73.96070820000021,28207
W 116 St & Broadway,40.808199999992844,-73.96409999998602,24976
W 12 St & W 4 St,40.73756121186305,-74.00398269295692,51268
W 120 St & Claremont Ave,40.81094939999355,-73.96340000000664,16664
W 129 St & Convent Ave,40.81439443791796,-73.95324736833571,7797
W 13 St & 5 Ave,40.73543933996126,-73.99453948003222,39518
W 13 St & 5 Ave -moved to 5947.04,40.73543934000123,-73.99453947999476,3270
W 13 St & 6 Ave,40.736494030006504,-73.99704374000422,67222
W 13 St & 7 Ave,40.73781508998995,-73.99994661005437,76965
W 13 St & Hudson St,40.73997354103595,-74.00513872504234,30166
W 15 St & 10 Ave,40.742753828715706,-74.00747358798982,74013
W 15 St & 6 Ave,40.73804614249118,-73.99642959237099,12285
W 15 St & 7 Ave,40.73935542005973,-73.99931783021302,120976
W 16 St & 8 Ave,40.74102150898249,-74.001384973526,122281
W 16 St & The High Line,40.74334935004898,-74.00681752992699,87544
W 17 St & 9 Ave,40.742948916599815,-74.00413691997528,65043
W 18 St & 6 Ave,40.73971301005387,-73.99456405008547,139162
W 18 St & 9 Ave,40.743533732422705,-74.00367558002472,53007
W 20 St & 11 Ave,40.74674499992513,-74.00775600021524,147865
W 20 St & 7 Ave,40.74238786996482,-73.9972623500548,88251
W 20 St & 8 Ave,40.7434533499556,-74.00004031003195,64716
W 21 St & 6 Ave,40.74173969012083,-73.99415555978983,209039
W 22 St & 10 Ave,40.74691959004265,-74.00451887009933,121877
W 22 St & 8 Ave,40.74475148001294,-73.99915361983999,119437
W 24 St & 7 Ave,40.74487634002711,-73.99529885006488,125107
W 25 St & 6 Ave,40.74395410996486,-73.99144870992367,109075
W 26 St & 10 Ave,40.74971775294573,-74.00295034607747,78812
W 26 St & 8 Ave,40.747348249916726,-73.9972355098013,111309
W 27 St & 10 Ave,40.750181563220345,-74.00218427181244,103187
W 27 St & 7 Ave,40.74664699997491,-73.99391500000013,113492
W 31 St & 7 Ave,40.74915600007336,-73.99159999994592,146318
W 33 St & 7 Ave,40.75019995004248,-73.9909308498287,148365
W 34 St & 11 Ave,40.75594158995623,-74.00211630009558,76234
W 35 St & Dyer Ave,40.75469175022505,-73.9974018931389,5462
W 36 St & 9 Ave,40.75462324031382,-73.99516761302948,48494
W 37 St & 10 Ave,40.75660359007445,-73.99790090012604,85524
W 37 St & 5 Ave,40.750380089975074,-73.98338987998265,64233
W 38 St & 8 Ave,40.75466590999263,-73.99138152021682,133402
W 4 St & 7 Ave S,40.734011429930504,-74.00293876996705,94676
W 41 St & 8 Ave,40.75640548013743,-73.99002620015375,171995
W 42 St & 8 Ave,40.75756989991497,-73.99098507007837,89402
W 42 St & Dyer Ave,40.758984813959714,-73.99379968643187,82444
W 43 St & 10 Ave,40.76009437008442,-73.99461842987738,83760
W 43 St & 6 Ave,40.75527307005495,-73.98316936007069,85795
W 44 St & 5 Ave,40.75500254003277,-73.9801443699934,60615
W 45 St & 6 Ave,40.75680009998283,-73.98291152996856,22105
W 45 St & 6 Ave (OLD),40.756687205998226,-73.98257732391356,47738
W 45 St & 8 Ave,40.75929124001362,-73.98859651008648,90853
W 46 St & 11 Ave,40.76341379002127,-73.99667443993573,75484
W 47 St & 10 Ave,40.7626988199755,-73.99301221993495,79874
W 49 St & 8 Ave,40.76227205003288,-73.98788204993839,107661
W 50 St & 9 Ave,40.76360467796968,-73.98917958140373,15835
W 52 St & 11 Ave,40.76727215995471,-73.99392888008411,75236
W 52 St & 5 Ave,40.75992261994577,-73.97648516009852,76541
W 52 St & 6 Ave,40.761329831189556,-73.97982001304626,96175
W 52 St & 9 Ave,40.76461837000436,-73.98789473000191,5402
W 53 St & 10 Ave,40.7666967100169,-73.99061727991642,74700
W 54 St & 9 Ave,40.76584941004684,-73.98690505987963,64227
W 55 St & 6 Ave,40.76309387276798,-73.97835016250609,74973
W 56 St & 10 Ave,40.7682540000196,-73.98863899995848,57455
W 59 St & 10 Ave,40.770512999976674,-73.98803800007093,57433
W 63 St & Broadway,40.77163850994376,-73.98261427995052,89145
W 64 St & Thelonious Monk Circle,40.77515953432244,-73.98918695747851,26773
W 64 St & West End Ave,40.77452834998814,-73.9875375900282,25734
W 67 St & Broadway,40.774925129962284,-73.9826656599208,82726
W 70 St & Amsterdam Ave,40.77748046000469,-73.9828859400004,49685
W 74 St & Columbus Ave,40.77856689996328,-73.97754961001749,35559
W 76 St & Columbus Ave,40.78018397237187,-73.97728532552719,61037
W 78 St & Broadway,40.78339981002588,-73.98093133000641,42262
W 82 St & Central Park West,40.782749999992014,-73.9713699999499,56309
W 84 St & Broadway,40.786794699973605,-73.97711199997852,48725
W 84 St & Columbus Ave,40.78499978996907,-73.97283405997428,54761
W 87 St & Amsterdam Ave,40.7883899999573,-73.97470000001563,41445
W 88 St & West End Ave,40.79025417331015,-73.97718340158461,22902
W 89 St & Columbus Ave,40.7882213000599,-73.97041560991846,55334
W 90 St & Amsterdam Ave,40.790179480944374,-73.97288918495178,27816
W 92 St & Broadway,40.79209999997926,-73.97390000005464,35349
W 95 St & Broadway,40.79377040005106,-73.9718880000429,51241
W Broadway & Spring Street,40.72494672362264,-74.00165855884552,70000
Warren St & Church St,40.714739930001,-74.00910626999169,6774
Warren St & Court St,40.68637100001198,-73.99383323995734,23983
Washington Ave & Greene Ave,40.68650065000893,-73.9656330700217,20984
Washington Ave & Park Ave,40.696102260002554,-73.96751037002578,27354
Washington Park,40.69178230000946,-73.97372990002982,24521
Washington Pl & 6 Ave,40.73224119002877,-74.00026394002374,60841
Washington Pl & Broadway,40.72903916997043,-73.99404648997744,78101
Washington St & Gansevoort St,40.73932300002103,-74.00811900007982,117575
Water - Whitehall Plaza,40.70255065003424,-74.01272339995494,39855
Watts St & Greenwich St,40.724055489991386,-74.00965964989211,71335
West Drive & Prospect Park West,40.66106337192121,-73.97945255041121,51359
West End Ave & W 107 St,40.80211739999614,-73.96818053047551,27282
West End Ave & W 94 St,40.794165399994846,-73.97412399995603,29601
West St & Chambers St,40.71754833987006,-74.01322069015715,186262
West Thames St,40.708346980031536,-74.01713445004827,75789
William St & Pine St,40.707179360023055,-74.00887307994155,41094
Willoughby Ave & Hall St,40.69196035000047,-73.96536851001649,31728
Willoughby Ave & Tompkins Ave,40.694254030004366,-73.9462691500065,10087
Willoughby Ave & Walworth St,40.69331716000673,-73.95381994999529,10507
Willoughby St & Fleet St,40.6919656600345,-73.98130179997571,52939
Wolcott St & Dwight St,40.675327400000555,-74.0100698000014,5059
Wyckoff St & 3 Ave,40.682754899989376,-73.98258555003156,18948
Wyckoff St & Bond St,40.684616538979476,-73.98721285164356,62
Wythe Ave & Metropolitan Ave,40.71688700001471,-73.96319800000879,66237
Yankee Ferry Terminal,40.686930999986046,-74.01696599998641,15774
York St & Jay St,40.70148509999865,-73.98656927999326,6042
old - E 13 St & Avenue A,40.72955360999917,-73.98057249000503,5058
